model,accuracy_mean,accuracy_std,roc_auc_mean,roc_auc_std
Bag-of-Words (Baseline),0.7,0.10954451150103324,0.7988095238095239,0.14640437275850673
Biophysical (Proposed),0.8200000000000001,0.11661903789690603,0.894047619047619,0.09094879698747747
